04jan2018,886,962.719970703125
05jan2018,961.7130126953125,980.9219970703125
06jan2018,975.75,997.719970703125
07jan2018,995.1539916992188,1041.680053710938
08jan2018,1043.010009765625,1153.170043945313
09jan2018,1158.260009765625,1148.530029296875
10jan2018,1146,1299.739990234375
11jan2018,1300.339965820313,1255.819946289063
12jan2018,1268.089965820313,1154.930053710938
13jan2018,1158.2900390625,1273.199951171875
14jan2018,1270.469970703125,1396.420043945313
15jan2018,1397.47998046875,1366.77001953125
16jan2018,1365.2099609375,1291.920043945313
17jan2018,1292.630004882813,1053.68994140625
18jan2018,1061.339965820313,1014.25
19jan2018,1016.440002441406,1036.280029296875
20jan2018,1028.819946289063,1039.099975585938
21jan2018,1044.949951171875,1155.150024414063
22jan2018,1155.680053710938,1049.579956054688
23jan2018,1055.349975585938,1003.260009765625
24jan2018,1004.169982910156,986.22900390625
25jan2018,987.4769897460938,1058.780029296875
26jan2018,1063.219970703125,1056.030029296875
27jan2018,1052.699951171875,1055.170043945313
28jan2018,1055.75,1107.069946289063
29jan2018,1111.780029296875,1246.010009765625
30jan2018,1246.699951171875,1182.359985351563
31jan2018,1184.130004882813,1071.130004882813
01feb2018,1071.089965820313,1118.31005859375
02feb2018,1119.369995117188,1036.7900390625
03feb2018,1035.77001953125,915.7849731445313
04feb2018,919.2109985351563,964.0189819335938
05feb2018,964.6669921875,834.6820068359375
06feb2018,834.9580078125,697.9509887695313
07feb2018,707.7369995117188,793.1220092773438
08feb2018,790.427978515625,757.0679931640625
09feb2018,755.843017578125,817.8070068359375
10feb2018,818.47998046875,883.864990234375
11feb2018,882.4669799804688,860.4149780273438
12feb2018,859.2880249023438,814.6599731445313
13feb2018,817.5079956054688,868.7069702148438
14feb2018,869.2930297851563,845.2579956054688
15feb2018,844.2789916992188,923.5609741210938
16feb2018,923.72802734375,936.9760131835938
17feb2018,934.7860107421875,944.2100219726563
18feb2018,944.7479858398438,974.114990234375
19feb2018,973.3489990234375,923.9210205078125
20feb2018,921.6680297851563,943.864990234375
21feb2018,943.5670166015625,895.3709716796875
22feb2018,894.135009765625,849.9710083007813
23feb2018,849.2620239257813,812.844970703125
24feb2018,811.5850219726563,864.1890258789063
25feb2018,861.593017578125,840.5150146484375
26feb2018,839.458984375,844.8099975585938
27feb2018,845.2780151367188,869.3150024414063
28feb2018,870.364990234375,878.2650146484375
01mar2018,877.9340209960938,855.198974609375
02mar2018,856.0120239257813,872.2000122070313
03mar2018,871.7639770507813,856.85302734375
04mar2018,856.7109985351563,857.2249755859375
05mar2018,856.1859741210938,866.677978515625
06mar2018,866.8460083007813,853.6840209960938
07mar2018,853.8170166015625,816.9509887695313
08mar2018,816.27099609375,752.8309936523438
09mar2018,752.5700073242188,704.5960083007813
10mar2018,702.197021484375,728.916015625
11mar2018,730.1599731445313,686.8900146484375
12mar2018,685.31201171875,723.3389892578125
13mar2018,724.406005859375,699.8309936523438
14mar2018,698.1530151367188,690.8270263671875
15mar2018,691.218994140625,614.291015625
16mar2018,614.8389892578125,611.3040161132813
17mar2018,611.7780151367188,601.666015625
18mar2018,601.677978515625,552.7789916992188
19mar2018,551.6400146484375,538.6439819335938
20mar2018,546.6259765625,556.7260131835938
21mar2018,556.7219848632813,557.1749877929688
22mar2018,559.0999755859375,561.7319946289063
23mar2018,562.10302734375,539.7020263671875
24mar2018,539.864013671875,539.6190185546875
25mar2018,542.572021484375,526.4390258789063
26mar2018,522.7030029296875,524.2869873046875
27mar2018,524.2869873046875,489.9509887695313
28mar2018,489.5899963378906,450.1159973144531
29mar2018,450.2909851074219,446.2789916992188
30mar2018,448.0750122070313,385.9679870605469
31mar2018,385.9049987792969,394.6449890136719
01apr2018,395.0039978027344,396.4570007324219
02apr2018,397.2539978027344,379.6069946289063
03apr2018,379.6990051269531,386.4249877929688
04apr2018,387.31201171875,416.8930053710938
05apr2018,416.4849853515625,380.5429992675781
06apr2018,379.9469909667969,383.2319946289063
07apr2018,382.7309875488281,370.2850036621094
08apr2018,370.3800048828125,385.3139953613281
09apr2018,385.7430114746094,400.5079956054688
10apr2018,400.8569946289063,398.5260009765625
11apr2018,399.4110107421875,414.2430114746094
12apr2018,415.0239868164063,430.5400085449219
13apr2018,430.1610107421875,492.9410095214844
14apr2018,493.1600036621094,492.7349853515625
15apr2018,492.5799865722656,501.4779968261719
16apr2018,502.8800048828125,531.7020263671875
17apr2018,532.073974609375,511.1470031738281
18apr2018,511.1449890136719,502.8940124511719
19apr2018,503.3089904785156,524.7890014648438
20apr2018,524.0380249023438,567.8889770507813
21apr2018,567.989013671875,615.718017578125
22apr2018,616.0040283203125,605.39501953125
23apr2018,606.1190185546875,621.8599853515625
24apr2018,621.198974609375,642.5479736328125
25apr2018,643.3980102539063,708.1580200195313
26apr2018,707.06201171875,615.416015625
27apr2018,618.0789794921875,662.8090209960938
28apr2018,662.1090087890625,647.031982421875
29apr2018,644.64599609375,683.677978515625
30apr2018,683.9119873046875,688.8809814453125
01may2018,689.760986328125,669.9240112304688
02may2018,670.4630126953125,673.6129760742188
03may2018,674.0750122070313,687.1489868164063
04may2018,686.5910034179688,779.5430297851563
05may2018,776.7750244140625,785.6240234375
06may2018,784.5830078125,816.1199951171875
07may2018,816.0880126953125,792.3109741210938
08may2018,793.3389892578125,753.7249755859375
09may2018,755.0089721679688,752.8569946289063
10may2018,752.9019775390625,752.2750244140625
11may2018,752.5789794921875,727.2769775390625
12may2018,727.0130004882813,679.5859985351563
13may2018,679.8770141601563,686.0479736328125
14may2018,687.1749877929688,733.4959716796875
15may2018,732.7329711914063,730.5490112304688
16may2018,731.1430053710938,708.8709716796875
17may2018,708.0869750976563,707.0499877929688
18may2018,708.718017578125,672.656982421875
19may2018,672.1019897460938,694.3670043945313
20may2018,695.072021484375,696.530029296875
21may2018,697.9229736328125,715.3690185546875
22may2018,717.1929931640625,699.2219848632813
23may2018,700.177978515625,647.7410278320313
24may2018,646.6699829101563,583.5850219726563
25may2018,584.5360107421875,601.7550048828125
26may2018,602.1400146484375,586.7340087890625
27may2018,587.426025390625,587.280029296875
28may2018,588.52001953125,572.6680297851563
29may2018,573.0449829101563,516.0360107421875
30may2018,516.1480102539063,565.3880004882813
31may2018,566.8300170898438,559.5900268554688
01jun2018,558.4970092773438,577.64501953125
02jun2018,578.6719970703125,580.0430297851563
03jun2018,580.4290161132813,591.8079833984375
04jun2018,591.2589721679688,618.3289794921875
05jun2018,619.43701171875,592.9849853515625
06jun2018,593.406005859375,609.302978515625
07jun2018,610.2620239257813,607.1240234375
08jun2018,607.68701171875,605.18701171875
09jun2018,605.4429931640625,601.0770263671875
10jun2018,600.905029296875,597.56201171875
11jun2018,594.344970703125,526.47900390625
12jun2018,524.8569946289063,533.2839965820313
13jun2018,532.7100219726563,496.8429870605469
14jun2018,498.0180053710938,477.4939880371094
15jun2018,478.3810119628906,519.7420043945313
16jun2018,520.47998046875,491.0039978027344
17jun2018,490.4140014648438,499.6419982910156
18jun2018,499.4599914550781,500.447998046875
19jun2018,499.3829956054688,518.8909912109375
20jun2018,519.0230102539063,537.9569702148438
21jun2018,538.5059814453125,536.2680053710938
22jun2018,536.447021484375,527.3670043945313
23jun2018,527.1939697265625,465.8169860839844
24jun2018,466.2739868164063,474.5199890136719
25jun2018,474.7680053710938,457.6719970703125
26jun2018,455.9360046386719,460.3099975585938
27jun2018,460.7330017089844,432.7720031738281
28jun2018,432.2439880371094,442.364990234375
29jun2018,442.2900085449219,422.364990234375
30jun2018,422.5870056152344,436.0090026855469
01jul2018,436.2090148925781,455.1799926757813
02jul2018,455.2420043945313,453.9179992675781
03jul2018,453.8240051269531,475.3469848632813
04jul2018,475.385986328125,464.1950073242188
05jul2018,464.1510009765625,467.3179931640625
06jul2018,467.2869873046875,474.4119873046875
07jul2018,474.3569946289063,474.0119934082031
08jul2018,474.0570068359375,491.6600036621094
09jul2018,492.0679931640625,489.1189880371094
10jul2018,488.8779907226563,476.6820068359375
11jul2018,476.1619873046875,434.4240112304688
12jul2018,434.5150146484375,446.5180053710938
13jul2018,446.5020141601563,430.0740051269531
14jul2018,430.7409973144531,434.0270080566406
15jul2018,434.510986328125,436.0859985351563
16jul2018,435.8829956054688,449.8500061035156
17jul2018,450.4249877929688,480.6579895019531
18jul2018,480.0769958496094,501.0020141601563
19jul2018,500.8380126953125,480.5130004882813
20jul2018,480.6279907226563,469.6189880371094
21jul2018,469.3070068359375,450.697998046875
22jul2018,450.6789855957031,462.4360046386719
23jul2018,462.43798828125,459.6570129394531
24jul2018,459.4389953613281,450.8529968261719
25jul2018,451.135986328125,479.3729858398438
26jul2018,479.906005859375,472.4930114746094
27jul2018,472.3309936523438,464.0369873046875
28jul2018,464.0090026855469,469.6659851074219
29jul2018,469.6780090332031,466.8980102539063
30jul2018,466.9150085449219,466.6650085449219
31jul2018,466.827,457.081
01aug2018,457.245,433.867
02aug2018,433.869,420.747
03aug2018,420.806,412.621
04aug2018,412.567,418.262
05aug2018,418.237,407.252
06aug2018,407.346,410.516
07aug2018,410.567,406.658
08aug2018,406.801,380.215
09aug2018,379.892,356.613
10aug2018,356.971,365.588
11aug2018,365.776,334.176
12aug2018,334.264,322.112
13aug2018,320.823,319.57
14aug2018,320.21,286.495
15aug2018,286.365,278.932
16aug2018,280.387,282.364
17aug2018,282.741,288.046
18aug2018,287.683,315.729
19aug2018,316.791,295.812
20aug2018,295.67,300.834
21aug2018,301.381,274.315
22aug2018,273.331,281.944
23aug2018,281.968,271.341
24aug2018,271.748,277.104
25aug2018,278.111,282.967
26aug2018,283.281,279.646
27aug2018,279.525,275.197
28aug2018,275.35,285.603
29aug2018,286.649,296.499
30aug2018,296.163,289.312
31aug2018,289.753,284.105
01sep2018,284.12,283.004
02sep2018,283.496,295.341
03sep2018,295.453,294.371
04sep2018,295.181,289.259
05sep2018,289.297,285.723
06sep2018,286.045,232.331
07sep2018,231.648,230.215
08sep2018,229.535,217.203
09sep2018,217.912,197.951
10sep2018,198.385,196.924
11sep2018,197.851,197.079
12sep2018,198.177,185.066
13sep2018,185.423,183.331
14sep2018,183.679,211.354
15sep2018,212.669,211.749
16sep2018,209.814,223.074
17sep2018,222.803,220.589
18sep2018,221.582,197.875
19sep2018,197.095,209.975
20sep2018,209.472,209.969
21sep2018,210.288,224.591
22sep2018,225.251,246.584
23sep2018,247.337,240.48
24sep2018,240.992,244.33
25sep2018,244.844,228.73
26sep2018,228.327,218.505
27sep2018,218.647,215.847
28sep2018,215.44,228.494
29sep2018,229.041,222.402
30sep2018,221.705,231.635
01oct2018,231.329,232.848
02oct2018,233.22,230.768
03oct2018,231.1,227.181
04oct2018,226.407,220.489
05oct2018,220.446,222.218
06oct2018,222.267,227.601
07oct2018,227.552,225.12
08oct2018,225.435,226.119
09oct2018,226.509,229.255
10oct2018,229.71,227.982
11oct2018,227.615,225.769
12oct2018,225.61,189.499
13oct2018,188.707,196.727
14oct2018,196.364,199.841
15oct2018,199.691,195.715
16oct2018,195.27,209.704
17oct2018,209.628,210.12
18oct2018,210.217,207.083
19oct2018,207.404,203.352
20oct2018,203.257,203.727
21oct2018,203.515,205.43
22oct2018,205.39,205.142
23oct2018,205.174,204.044
24oct2018,204.016,204.336
25oct2018,204.127,203.852
26oct2018,203.868,202.719
27oct2018,202.336,203.329
28oct2018,203.356,204.21
29oct2018,204.51,205.366
30oct2018,205.174,197.247
31oct2018,197.203,197.556
01nov2018,197.649,197.381
02nov2018,197.537,198.872
03nov2018,198.982,200.635
04nov2018,200.74,200.186
05nov2018,200.158,207.486
06nov2018,207.1,209.091
07nov2018,209.474,218.452
08nov2018,218.899,217.183
09nov2018,217.327,212.231
10nov2018,211.987,210.074
11nov2018,209.975,212.533
12nov2018,212.479,211.34
13nov2018,211.513,210.418
14nov2018,210.149,206.826
15nov2018,206.534,181.397
16nov2018,181.899,180.806
17nov2018,180.865,175.177
18nov2018,175.36,174.001
19nov2018,174.175,177.067
20nov2018,177.179,149.175
21nov2018,148.811,130.339
22nov2018,131.142,136.701
23nov2018,136.811,126.706
24nov2018,126.419,123.296
25nov2018,123.304,113.494
26nov2018,113.126,116.45
27nov2018,116.343,108.335
28nov2018,107.913,110.01
29nov2018,110.198,122.438
30nov2018,122.721549987793,117.542645204
01dec2018,117.728096299,113.171421096
02dec2018,113.397761799,118.635558644
03dec2018,118.268150864,116.388899329
04dec2018,116.378758099,108.925017829
05dec2018,108.803159312,110.214189589
06dec2018,110.335517946,102.475555559
07dec2018,102.450592687,91.76105615660001
08dec2018,91.64983421300001,93.2945640148
09dec2018,93.41007834520001,92.15963968769999
10dec2018,92.0354326922,95.14205948430001
11dec2018,94.9921705261,91.6856567551
12dec2018,91.5789373141,88.9453032129
13dec2018,88.610703388,90.5933019065
14dec2018,90.6552290496,86.5393148885
15dec2018,86.6303531913,84.30829593
16dec2018,84.279694394,84.4408095289
17dec2018,84.4694065515,85.2620969271
18dec2018,85.38211199769999,95.1338271163
19dec2018,95.10804288520001,101.112455798
20dec2018,101.683846357,101.268575225
21dec2018,101.090438108,116.21687011
22dec2018,115.83540173,109.496233553
23dec2018,109.45594093,116.759499161
24dec2018,117.273897972,130.765259805
25dec2018,130.641669901,140.23800256
26dec2018,140.997589037,129.84435176
27dec2018,129.888822727,131.865627374
28dec2018,131.92358466,116.575910514
29dec2018,116.898198052,137.647013306
30dec2018,138.46878261,138.018334779
31dec2018,137.627462564,139.859452892
01jan2019,140.031074433,133.368263445
02jan2019,133.418144908,140.819413158
03jan2019,141.519516951,155.047677215
04jan2019,155.196037793,149.135003379
05jan2019,148.912894276,154.58194227
06jan2019,154.337419842,155.638589483
07jan2019,155.804227981,157.746199308
08jan2019,157.80948734,151.699213451
09jan2019,151.967542981,150.359633438
10jan2019,150.5546946,150.80311047
11jan2019,150.843510345,128.625185944
12jan2019,127.813962146,127.548324868
13jan2019,127.528082611,125.9665328
14jan2019,125.90722966,116.89780148
15jan2019,116.97909648,129.068732601
16jan2019,129.172690653,122.032712316
17jan2019,121.809242251,123.547061541
18jan2019,123.573540063,123.741921671
19jan2019,123.654651715,121.010265197
20jan2019,121.614427217,124.519021209
21jan2019,124.632400648,119.474828958
22jan2019,119.636456665,117.157852232
23jan2019,117.11075621,118.747550914
24jan2019,118.713816943,117.452609248
25jan2019,117.462784971,117.362886414
26jan2019,117.594952273,116.37834358
27jan2019,116.373526343,116.488738462
28jan2019,116.510314866,113.405291898
29jan2019,113.285232063,106.589976822
30jan2019,106.721953365,105.598213782
31jan2019,105.407204612,108.90753982
01feb2019,108.900771037,107.061013064
02feb2019,107.147683721,107.609786895
03feb2019,107.466413449,110.430261898
04feb2019,110.490318017,107.492671458
05feb2019,107.625821506,107.821603427
06feb2019,107.628166134,107.443520166
07feb2019,107.56930183,104.919289868
08feb2019,104.835777289,104.535298574
09feb2019,104.64504714,119.267748863
10feb2019,119.214112324,119.430883307
11feb2019,119.408964279,124.806484949
12feb2019,124.871533617,121.298395992
13feb2019,121.178576446,122.572291057
14feb2019,122.544287348,122.553602552
15feb2019,122.416986985,121.390203726
16feb2019,121.45369483,122.100387372
17feb2019,122.396455412,123.260213055
18feb2019,123.182083354,133.59888295
19feb2019,133.03254869,146.09837101
20feb2019,146.398819478,145.346183571
21feb2019,145.172723184,149.554343958
22feb2019,149.352326643,146.130844289
23feb2019,146.07325688,149.092454265
24feb2019,148.676621979,158.79542978
25feb2019,158.902409425,135.852653564
26feb2019,135.499726931,139.822855499
27feb2019,139.646094554,138.08968196
28feb2019,138.029574485,136.125954509
01mar2019,136.283079925,136.746252009
02mar2019,136.836239742,136.443622783
03mar2019,136.350082226,134.206955299
04mar2019,134.78612266,132.249417118
05mar2019,132.157875583,127.774121264
06mar2019,127.792953672,137.822384799
07mar2019,137.958743981,138.789354083
08mar2019,138.942376525,138.03450239
09mar2019,138.311360652,135.127074998
10mar2019,134.887551913,137.965335551
11mar2019,138.180498896,136.758683137
12mar2019,136.849534965,133.83403156
13mar2019,134.012840654,134.442888733
14mar2019,134.611777916,133.263076226
15mar2019,133.203901165,133.711599756
16mar2019,133.567152422,137.691783786
17mar2019,137.911959856,142.398175801
18mar2019,142.238291588,140.000549501
19mar2019,140.104859119,139.374600609
20mar2019,139.254013689,140.519199188
21mar2019,140.484710404,140.68636173
22mar2019,140.47848688,136.636060704
23mar2019,136.562262353,137.181435033
24mar2019,137.039873499,138.239874551
25mar2019,138.315351714,136.986925231
26mar2019,137.081359047,135.031027518
27mar2019,135.0543259,135.460352857
28mar2019,135.454367401,140.988157542
29mar2019,141.005847151,139.416477555
30mar2019,139.343207052,142.497417117
31mar2019,142.359143736,142.092680619
01apr2019,142.139220518,141.514094106
02apr2019,141.46548345,141.830324349
03apr2019,141.839521388,163.961741819
04apr2019,164.008634378,161.458801333
05apr2019,161.431760954,158.052537823
06apr2019,158.020007672,165.514845948
07apr2019,165.511239539,165.947208019
08apr2019,165.977241502,174.531647379
09apr2019,174.449669098,180.258815391
10apr2019,180.222129093,176.114574527
11apr2019,176.067842046,177.337476528
12apr2019,177.342765317,165.49701739
13apr2019,165.335212304,164.736323365
14apr2019,164.622854706,164.513349875
15apr2019,164.476088004,167.838520685
16apr2019,167.897474089,161.574178302
17apr2019,161.526550135,167.623441183
18apr2019,167.553690185,166.950761576
19apr2019,166.913203037,173.814032352
20apr2019,173.787881523,173.708441176
21apr2019,173.718815972,173.751265406
22apr2019,173.715406321,170.046521769
23apr2019,170.017484048,171.874669558
24apr2019,172.007212763,171.447798826
25apr2019,171.349531904,165.82609059
26apr2019,165.914741225,154.459399951
27apr2019,154.579432331,156.347087281
28apr2019,156.270861083,158.43493242
29apr2019,158.499766659,157.29507397
30apr2019,157.291053727,155.201995458
01may2019,155.172778544,162.166037089
02may2019,162.186560067,160.818344256
03may2019,160.853579355,162.122791335
04may2019,162.075168364,167.952408601
05may2019,167.887214645,164.026580539
06may2019,164.015254724,163.450697022
07may2019,163.337986197,172.653208017
08may2019,172.427274512,169.798657365
09may2019,169.904205401,170.948168196
10may2019,170.951876565,170.289301603
11may2019,170.312978814,173.142739021
12may2019,173.139317933,194.304341538
13may2019,194.163027854,187.325322672
14may2019,187.417924062,196.846276938
15may2019,196.738273906,217.148571659
16may2019,217.010116931,247.153065441
17may2019,246.941949724,264.010023118
18may2019,263.848363999,243.764593413
19may2019,243.911300406,234.595229584
20may2019,234.449464995,261.292219263
21may2019,261.267480176,251.864416688
22may2019,251.647840439,255.215875873
23may2019,254.995320786,244.698911619
24may2019,244.665121533,245.965672113
25may2019,245.98708954,249.484984964
26may2019,249.694050205,251.759872316
27may2019,251.72479506,267.069644637
28may2019,267.141883996,272.86264362
29may2019,272.590497231,271.76871076
30may2019,271.779066098,269.455701828
31may2019,269.551887205,255.858948474
01jun2019,256.015274453,268.113560321
02jun2019,268.433356229,265.391260671
03jun2019,265.512718653,270.225527951
04jun2019,270.088546982,252.607929766
05jun2019,252.511642109,241.338786302
06jun2019,241.497038946,247.051016639
07jun2019,246.925245514,249.474338747
08jun2019,249.335288129,250.930360395
09jun2019,251.249319783,245.738091433
10jun2019,245.540479163,233.086698165
11jun2019,232.830145239,247.520125135
12jun2019,247.862122482,245.781827855
13jun2019,245.925493719,260.903303733
14jun2019,260.913515345,256.168792302
15jun2019,256.17965445,264.08745783
16jun2019,263.934134006,269.019322335
17jun2019,268.901146753,269.223201488
18jun2019,269.090588251,274.35111507
19jun2019,274.320263118,265.051857677
20jun2019,265.056841146,269.43179794
21jun2019,269.407865566,271.695017157
22jun2019,271.743089627,294.910279603
23jun2019,295.115068002,309.380305299
24jun2019,309.416683343,307.827784126
25jun2019,307.722135498,310.424669171
26jun2019,310.678630878,318.126310017
27jun2019,317.992595848,336.753188391
28jun2019,336.959911227,294.267645009
29jun2019,294.143042748,311.226103335
30jun2019,311.284432218,320.058914343
01jul2019,319.584052742,290.695998902
02jul2019,290.268491537,293.641117329
03jul2019,293.537270366,291.596440849
04jul2019,291.764617643,303.099965055
05jul2019,303.025091693,284.523211373
06jul2019,284.380927263,287.997523405
07jul2019,287.893815381,287.547125887
08jul2019,287.603611931,305.700559688
09jul2019,305.734786072,313.251403897
10jul2019,313.325173588,308.881016742
11jul2019,308.851274005,290.002318276
12jul2019,289.945986705,268.704039911
13jul2019,268.692261908,276.276710845
14jul2019,276.28911624,269.458810608
15jul2019,269.281611995,227.578070731
16jul2019,227.965057572,229.775995774
17jul2019,229.748659122,199.188675302
18jul2019,199.066791684,211.484962906
19jul2019,211.444608109,226.566159112
20jul2019,226.657696807,221.333421321
21jul2019,221.412662567,229.119221714
22jul2019,229.167698179,225.630768716
23jul2019,225.698652681,217.560020158
24jul2019,217.56845923,212.728522894
25jul2019,212.5538175,217.046368323
26jul2019,216.969117163,219.61799494
27jul2019,219.62812266,219.62960287
28jul2019,219.617630191,207.408317263
29jul2019,207.413777385,211.186552032
30jul2019,211.123652339,211.268057982
31jul2019,211.339197095,210.522603615
01aug2019,210.492418908,218.654145766
02aug2019,218.554589582,217.808443355
03aug2019,217.884463629,217.871561739
04aug2019,217.895548193,222.490335375
05aug2019,222.580813939,222.66972669
06aug2019,222.650882153,234.215027081
07aug2019,234.245589875,226.020649952
08aug2019,225.925285621,226.391007833
09aug2019,226.518473433,220.941859044
10aug2019,220.908646203,210.48891334
11aug2019,210.530162407,206.733534292
12aug2019,206.732241229,216.092871768
13aug2019,216.055910128,211.288063961
14aug2019,211.342700942,208.709040675
15aug2019,208.603990803,186.60774116
16aug2019,186.683509034,188.50206008
17aug2019,188.644251454,185.4400734
18aug2019,185.531660166,185.687679251
19aug2019,185.841101073,194.493530508
20aug2019,194.556030003,203.091932563
21aug2019,202.813142758,196.565408066
22aug2019,196.621696337,186.891630451
23aug2019,186.941237586,191.332912454
24aug2019,191.106870651,194.706208556
25aug2019,194.671637602,191.289562719
26aug2019,191.234781691,186.842392623
27aug2019,186.73555531,188.929374951
28aug2019,188.950058002,187.516661348
29aug2019,187.495500936,173.88997343
30aug2019,173.958692454,169.516734455
31aug2019,169.489281525,168.834875179
01sep2019,168.887899484,172.469788861
02sep2019,172.458407973,171.629420013
03sep2019,171.697601256,178.347353576
04sep2019,178.357750076,179.49932195
05sep2019,179.491989042,175.992884274
06sep2019,175.966277315,174.217126821
07sep2019,174.172218831,169.956174802
08sep2019,169.955274874,178.262616376
09sep2019,178.282587325,181.355524085
10sep2019,181.362484764,181.149467473
11sep2019,181.212841424,179.787171751
12sep2019,179.839500008,178.725492594
13sep2019,178.803768356,181.01609158
14sep2019,180.975581433,181.109723362
15sep2019,181.321574158,188.10550845
16sep2019,188.068433417,189.789129887
17sep2019,189.689334763,197.113177378
18sep2019,197.114754867,208.608748647
19sep2019,208.050603082,211.393034896
20sep2019,211.247234001,221.280858893
21sep2019,221.069630368,218.050055201
22sep2019,217.89737946,215.516209164
23sep2019,215.486560186,211.545386424
24sep2019,211.71320384,201.92131273
25sep2019,201.842085557,168.110736232
26sep2019,168.133570556,170.892695093
27sep2019,170.756919315,166.727124473
28sep2019,166.651699935,174.710992913
29sep2019,174.680832614,174.572891745
30sep2019,174.612745399,170.503485433
01oct2019,170.461352821,179.872201473
02oct2019,180.209117089,177.340419656
03oct2019,177.224053284,180.710506299
04oct2019,180.703709132,175.199341492
05oct2019,175.238429153,176.985006881
06oct2019,176.946323748,176.351522792
07oct2019,176.364384214,173.059144782
08oct2019,172.940341536,181.186333328
09oct2019,181.11335695,182.021563815
10oct2019,182.036297684,193.293257938
11oct2019,193.191075753,191.659672427
12oct2019,191.801074478,182.569691851
13oct2019,182.53403369,180.826640026
14oct2019,180.861314449,182.075152956
15oct2019,182.028471088,186.960906402
16oct2019,186.977054117,181.406059693
17oct2019,181.343735143,176.013511357
18oct2019,175.906894241,178.028348281
19oct2019,177.988549774,173.621340828
20oct2019,173.649451982,172.913025758
21oct2019,172.974754539,175.534373653
22oct2019,175.524753686,174.920987616
23oct2019,174.905063725,172.300854142
24oct2019,172.262803118,162.40278776
25oct2019,162.514108625,162.16854058
26oct2019,162.189716575,181.523214189
27oct2019,181.667064713,179.83547805
28oct2019,179.932637268,184.242211278
29oct2019,184.397511597,182.662817561
30oct2019,182.670386019,190.342582145
31oct2019,190.336390704,184.692164388
01nov2019,184.797621023,183.966917607
02nov2019,183.803690756,183.969902446
03nov2019,184.018152481,183.925717366
04nov2019,183.994825124,182.425021922
05nov2019,182.319031206,186.355190781
06nov2019,186.309310325,189.304170553
07nov2019,189.11349691,191.593841453
08nov2019,191.504306508,187.976543734
09nov2019,187.924264977,184.211470298
10nov2019,184.311722495,185.028722122
11nov2019,184.943355818,189.477274196
12nov2019,189.502924735,185.489646106
13nov2019,185.564841787,186.843411554
14nov2019,186.942441671,188.258745224
15nov2019,188.27250908,185.999635946
16nov2019,186.058166051,180.521180884
17nov2019,180.49910079,183.348359202
18nov2019,183.350825286,185.119235523
19nov2019,185.041461746,180.559604932
20nov2019,180.502463972,177.45554544
21nov2019,177.415277406,175.6983433
22nov2019,175.673600001,161.462725503
23nov2019,161.505887488,150.26817098
24nov2019,150.212213393,153.417791778
25nov2019,153.430526462,142.83470143
26nov2019,142.697001106,146.476535696
27nov2019,146.404304516,148.96506618
28nov2019,148.396817722,153.010552055
29nov2019,153.069243365,151.717573997
30nov2019,151.768599994,155.304145933
01dec2019,155.286408885,152.539691345
02dec2019,152.491922282,151.18572935
03dec2019,151.175477999,149.059152693
04dec2019,149.058248081,147.956415218
05dec2019,147.918388348,146.747737819
06dec2019,146.686492302,149.248994591
07dec2019,149.396488916,149.194447774
08dec2019,149.197606545,148.768162887
09dec2019,148.743677104,151.264725315
10dec2019,151.224389965,148.225168781
11dec2019,148.179858747,146.267046031
12dec2019,146.320648091,143.607998355
13dec2019,143.615658161,145.604010549
14dec2019,145.655689017,144.944741929
15dec2019,144.953417715,142.869227238
16dec2019,142.864988576,143.114989792
17dec2019,143.139533136,133.61402998
18dec2019,133.647182001,122.603888126
19dec2019,122.656835836,133.092194403
20dec2019,133.05277909,129.321129968
21dec2019,129.384366722,129.066049932
22dec2019,129.095966121,128.13094934
23dec2019,128.098122038,132.37251946
24dec2019,132.306988432,128.614088921
25dec2019,128.62925282,129.0638929
26dec2019,129.068500954,126.454637577
27dec2019,126.486325728,126.361222911
28dec2019,126.368795374,127.214610889
29dec2019,127.213015267,128.322711714
30dec2019,128.266871385,134.757985408
31dec2019,134.796516661,132.633488892
01jan2020,132.61226804,129.610859432
02jan2020,129.630655703,130.802008077
03jan2020,130.820037712,127.410182379
04jan2020,127.411261334,134.171712485
05jan2020,134.168523193,135.069371268
06jan2020,135.072093991,136.276776707
07jan2020,136.305547376,144.30415371
08jan2020,144.311990223,143.543998337
09jan2020,143.487828532,141.258134415
10jan2020,141.155776805,138.979196656
11jan2020,138.967043356,143.963781218
12jan2020,143.409108237,142.927114494
13jan2020,143.032542583,145.873931189
14jan2020,146.220132646,144.226591141
15jan2020,144.25104879,165.955358611
16jan2020,165.73461492,166.230685102
17jan2020,166.332830879,164.391010988
18jan2020,164.489378644,170.77995796
19jan2020,170.747720668,175.36567147
20jan2020,175.467596812,166.969841975
21jan2020,166.904132899,167.120509335
22jan2020,167.060471487,169.69716391
23jan2020,169.608539246,168.294161709
24jan2020,168.295706571,162.928558428
25jan2020,162.899373257,163.051182861
26jan2020,163.067289351,161.283936353
27jan2020,161.176822823,168.077100489
28jan2020,168.008857304,170.930890433
29jan2020,170.88486291,176.370320541
30jan2020,176.347887584,175.050337929
31jan2020,174.917704987,184.690476436
01feb2020,184.736902227,180.160175239
02feb2020,180.113770906,183.673947121
03feb2020,183.53250583,188.617538168
04feb2020,188.607413495,189.865063235
05feb2020,189.861727725,189.250602393
06feb2020,189.299101593,204.230244698
07feb2020,204.129695369,212.339079745
08feb2020,212.315888796,222.72606629
09feb2020,222.510965248,223.146521744
10feb2020,222.982234885,228.578569991
11feb2020,228.549129167,223.52269963
12feb2020,223.38493801,235.851199501
13feb2020,235.89821783,265.406126106
14feb2020,265.052689901,268.099256044
15feb2020,268.023276951,284.217509609
16feb2020,284.561303249,264.728585265
17feb2020,264.904049173,259.894703492
18feb2020,259.890552078,266.363446303
19feb2020,266.508806225,281.944579134
20feb2020,282.036283234,259.763962739
21feb2020,259.819864343,257.949455024
22feb2020,257.891124589,265.600612524
23feb2020,265.551572627,262.331720974
24feb2020,262.278398469,273.754156046
25feb2020,273.705093013,265.216417336
26feb2020,265.283387365,247.817592279
27feb2020,247.740203914,225.680265514
28feb2020,225.687043551,226.753395276
29feb2020,226.987608317,226.760501479
01mar2020,226.83344436,219.84851255
02mar2020,219.752677765,218.970599927
03mar2020,218.711624433,230.569781825
04mar2020,230.523964194,224.479622332
05mar2020,224.565344516,224.517976367
06mar2020,224.641887879,229.26818886
07mar2020,229.168427287,243.525299741
08mar2020,243.750192697,237.853095033
09mar2020,237.780692824,200.689052256
10mar2020,201.318494784,201.986327111
11mar2020,202.863957927,200.767247427
12mar2020,200.768029684,194.868528471
13mar2020,194.738916665,112.347123759
14mar2020,112.6899948,133.201807239
15mar2020,133.582473071,123.306024593
16mar2020,123.24606626,125.214304313
17mar2020,124.996113298,110.605876012
18mar2020,110.406784983,113.942750228
19mar2020,113.857645886,114.842273039
20mar2020,114.839824562,136.593857971
21mar2020,136.649279112,132.737170068
22mar2020,133.101765752,132.818707849
23mar2020,132.851142442,123.321147745
24mar2020,123.365981102,134.911612009
25mar2020,135.194133653,138.761445013
26mar2020,138.914967306,136.195892908
27mar2020,136.190680372,138.361557339
28mar2020,138.369931635,133.937940192
29mar2020,134.032739614,130.986494884
30mar2020,131.015337153,125.583730441
31mar2020,125.577896504,132.904538063
01apr2020,132.820922397,133.593565057
02apr2020,133.612324512,135.634552336
03apr2020,135.732172896,142.029147631
04apr2020,142.11045061,142.091309874
05apr2020,142.215184398,145.219384622
06apr2020,145.261015263,143.54664871
07apr2020,143.608209519,169.135884595
08apr2020,169.147453326,165.101942525
09apr2020,165.240328462,172.641733789
10apr2020,172.761267841,170.807147486
11apr2020,170.829264498,158.412448608
12apr2020,158.538984729,158.216023679
13apr2020,158.232394912,161.142420145
14apr2020,160.720665735,156.279549094
15apr2020,156.355952301,157.596395681
16apr2020,157.565643197,153.286892905
17apr2020,153.200417561,172.157382821
18apr2020,172.279425236,171.638582707
19apr2020,171.618074875,186.914005844
20apr2020,186.861986935,181.614959142
21apr2020,181.480229924,172.297157575
22apr2020,172.017710093,172.737700531
23apr2020,172.670390889,182.599574801
24apr2020,182.620173958,185.028670833
25apr2020,185.222103347,189.236941873
26apr2020,189.207401976,195.515300681
27apr2020,195.413589078,197.317530184
28apr2020,197.475716201,197.2247212
29apr2020,197.27351176,198.415382994
30apr2020,198.465191822,216.968223855
01may2020,216.909133825,207.602055895
02may2020,207.901731105,214.219106382
03may2020,214.230087793,215.32538422
04may2020,215.352072089,210.93315693
05may2020,210.89085707,208.174010942
06may2020,208.013004654,206.774404531
07may2020,206.481357853,204.055782253
08may2020,203.912850387,212.289405787
09may2020,212.198234909,212.991579806
10may2020,213.142172406,211.600123566
11may2020,211.552192534,188.599570436
12may2020,188.632189899,185.91283695
13may2020,185.877340106,189.312502269
14may2020,189.374105563,199.193283428
15may2020,198.891506002,202.949100772
16may2020,202.955396986,195.622658341
17may2020,195.613392471,200.677118596
18may2020,200.608866827,207.158694333
19may2020,207.179785914,214.525055208
20may2020,214.604940045,213.451110911
21may2020,213.446235987,210.096735593
22may2020,210.12915146,199.883605552
23may2020,199.837116422,207.169194624
24may2020,207.194488408,208.694402844
25may2020,208.716063355,202.370350969
26may2020,201.982647752,205.319750096
27may2020,205.259562478,201.902309998
28may2020,201.893006735,208.863429364
29may2020,208.885433297,219.840431324
30may2020,219.925055212,220.675124275
31may2020,220.717210701,242.345590189
01jun2020,242.351384355,230.975700856
02jun2020,230.860252561,246.991760327
03jun2020,246.828193218,237.219061533
04jun2020,237.395211559,244.179324047
05jun2020,244.10528023,244.426387575
06jun2020,244.349586587,241.221991758
07jun2020,241.201353987,241.931320121
08jun2020,241.90807498,245.167259144
09jun2020,245.178572826,246.309898559
10jun2020,246.175024993,244.911453825
11jun2020,244.822073866,247.444943732
12jun2020,247.548531685,231.702669421
13jun2020,231.625462209,237.493210284
14jun2020,237.544621049,238.908842797
15jun2020,238.968186749,234.114695213
16jun2020,234.058302429,229.928901759
17jun2020,229.762304793,234.416174104
18jun2020,234.492376957,233.028279483
19jun2020,232.898689885,232.101162633
20jun2020,231.954971097,227.138289785
21jun2020,226.976368973,229.274256792
22jun2020,229.216141181,228.989820504
23jun2020,229.003374761,242.53319314
24jun2020,242.537021612,244.142144306
25jun2020,244.185921342,235.772462091
26jun2020,235.702845657,232.944486695
27jun2020,232.877481261,229.66803925
28jun2020,229.631491261,222.959785939
29jun2020,222.914486366,225.347168434
30jun2020,225.361436367,228.194866701
01jul2020,227.968423935,226.314997358
02jul2020,226.134585409,231.113421712
03jul2020,231.288908687,229.392201582
04jul2020,229.318955364,225.387063259
05jul2020,225.288477168,229.074112293
06jul2020,228.976197947,227.664598709
07jul2020,227.685011543,241.510225122
08jul2020,240.972593663,239.075528329
09jul2020,239.159976697,246.670015358
10jul2020,246.748290882,243.015967829
11jul2020,242.868018736,240.984985207
12jul2020,241.044787664,239.45817693
13jul2020,239.459633832,242.131695235
14jul2020,242.181866149,239.60458484
15jul2020,239.97561514,240.211494177
16jul2020,240.143642313,238.423526948
17jul2020,238.450915595,233.640883013
18jul2020,233.69139519,232.773085613
19jul2020,232.855677949,235.483805219
20jul2020,235.458301178,238.487523715
21jul2020,238.49487642,236.153167708
22jul2020,236.302509731,245.01672849
23jul2020,245.037265538,262.190656292
24jul2020,262.38864728,274.689049046
25jul2020,274.722698403,279.215409484
26jul2020,279.026364075,304.056761197
27jul2020,303.692367729,309.643609292
28jul2020,309.657923172,321.514088181
29jul2020,321.829751647,316.657252341
30jul2020,316.555373877,318.190884419
31jul2020,318.144986303,334.586629282
01aug2020,334.633743039,345.554649307
02aug2020,345.798601857,385.199719325
03aug2020,385.549871043,370.671711492
04aug2020,371.133859143,386.295173437
05aug2020,386.156467393,389.875485136
06aug2020,389.710819888,401.59058634
07aug2020,401.583866599,394.961957147
08aug2020,395.226876502,379.512855039
09aug2020,379.551583661,393.987376065
10aug2020,395.305236246,391.120454943
11aug2020,391.041493623,395.887569508
12aug2020,395.894723854,380.384068285
13aug2020,380.063817832,391.024162058
14aug2020,390.838108955,428.741782282
15aug2020,428.677267946,437.397839521
16aug2020,437.562995856,433.354926495
17aug2020,433.35059815,433.786609983
18aug2020,433.973761033,429.531252334
19aug2020,429.669619551,423.669315654
20aug2020,423.73860076,406.463786824
21aug2020,406.758913626,416.439794883
22aug2020,416.148774123,389.126350308
23aug2020,389.031111405,395.835141215
24aug2020,395.562839161,391.384499842
25aug2020,391.678986309,408.144207149
26aug2020,408.07168495,384.001043035
27aug2020,383.977436834,386.466124211
28aug2020,386.60985557,382.632632123
29aug2020,382.629568423,395.874666093
30aug2020,395.687586586,399.921471038
31aug2020,399.616688464,428.395717595
01sep2020,428.5090174,435.079745266
02sep2020,434.874437724,477.051924154
03sep2020,477.007884034,440.040506887
04sep2020,440.239991898,385.671928369
05sep2020,384.671630472,388.241140415
06sep2020,388.0383992,335.260079079
07sep2020,335.334551778,353.362265679
08sep2020,353.450244604,352.673494754
09sep2020,353.202266511,337.602111896
10sep2020,337.824924824,351.110016528
11sep2020,351.42932317,368.101907072
12sep2020,368.118507843,374.695588755
13sep2020,374.595383839,387.183109613
14sep2020,387.519295759,365.570005047
15sep2020,365.699586133,377.268875067
16sep2020,377.154029026,364.83921823
17sep2020,364.743985856,365.812291316
18sep2020,365.865769814,389.019219686
19sep2020,389.33749501,384.364541978
20sep2020,384.041666526,385.544383604
21sep2020,385.597992859,371.052826188
22sep2020,371.400157647,341.78607406
23sep2020,341.723816802,344.503162317
24sep2020,344.58989639,321.11631734
25sep2020,320.98503098,349.35558514
26sep2020,349.41142898,352.18324474
27sep2020,352.35088228,355.48809037
28sep2020,354.95990364,357.43849724
29sep2020,357.92592143,355.15942359
30sep2020,354.36299867,359.75739393
01oct2020,360.03851516,359.93787376
02oct2020,360.30915387,353.20591482
03oct2020,352.94966671,346.2389138
04oct2020,346.21862615,346.52208572
05oct2020,346.60224072,352.5790067
06oct2020,352.73681335,353.95677154
07oct2020,353.9564786,340.81584538
08oct2020,340.94309675,341.80866898
09oct2020,342.04464056,350.76615934
10oct2020,351.11287601,365.59047723
11oct2020,365.40246353,370.96758819
12oct2020,370.92844542,375.14204941
13oct2020,374.79874473,387.7312655
14oct2020,387.14295868,381.19076126
15oct2020,381.97145394,379.48403791
16oct2020,379.19222482,377.44184574
17oct2020,377.86850734,366.22901728
18oct2020,366.01571359,368.85594038
19oct2020,368.727532,378.21369795
20oct2020,378.46963677,379.93560927
21oct2020,379.71970042,369.13691491
22oct2020,369.05943203,392.18996695
23oct2020,391.48861746,413.77299269
24oct2020,414.05132696,409.76669164
25oct2020,409.76723415,412.45761883
26oct2020,412.45763097,406.2177613
27oct2020,406.21798565,393.88831313
28oct2020,393.88819811,403.99704505
29oct2020,403.99708885,388.65077072
30oct2020,388.65106757,386.7301135
31oct2020,386.73024915,382.81999199
01nov2020,382.82003692,386.59033529
02nov2020,386.5903379,396.35818693
03nov2020,396.35599261,383.15673256
04nov2020,383.15604785,387.60217328
05nov2020,387.60321316,402.14199843
06nov2020,402.14293982,414.06733818
07nov2020,414.06671193,454.71929029
08nov2020,454.72255187,435.71313513
09nov2020,435.71880588,453.55478553
10nov2020,453.57415606,444.16305707
11nov2020,444.1663887,449.67962112
12nov2020,449.67967125,462.96052774
13nov2020,462.95952416,461.00527114
14nov2020,461.00549147,474.62642092
15nov2020,474.62642179,460.14983674
16nov2020,460.14988916,447.55909533
17nov2020,447.55898086,459.94031258
18nov2020,464.40665118,480.36008258
19nov2020,480.34683016,479.48406975
20nov2020,479.48102101,471.63041968
21nov2020,471.63145935,509.74457334
22nov2020,509.74458412,549.48662086
23nov2020,549.4866253,558.06809523
24nov2020,558.0595252099999,608.45402857
25nov2020,608.5227842,603.89774601
26nov2020,603.90206056,570.68661621
27nov2020,570.51490943,518.80117389
28nov2020,519.10809996,517.49368769
29nov2020,517.5973661,538.22980058
30nov2020,538.26458638,575.7580478899999
01dec2020,575.75708438,614.84252202
02dec2020,615.0703247500001,587.32418713
03dec2020,587.26159206,598.35234223
04dec2020,598.4592027899999,616.70875486
05dec2020,616.72280206,569.35419749
06dec2020,569.34764334,596.59547474
07dec2020,596.5686842,601.90899244
08dec2020,601.79709521,591.84337934
09dec2020,591.90083407,554.82775708
10dec2020,554.7929235,573.47911163
11dec2020,573.5040388899999,559.67850106
12dec2020,559.67922887,545.79734103
13dec2020,545.57856237,568.5673177800001
14dec2020,568.6098654899999,589.6632225
15dec2020,589.78248016,586.01115197
16dec2020,586.0217828900001,589.35560245
17dec2020,589.37866405,636.18184867
18dec2020,636.15415504,642.86896702
19dec2020,642.91702204,654.81192689
20dec2020,654.62422918,659.29792646
21dec2020,659.18504794,638.2908463700001
22dec2020,638.31518077,609.81787165
23dec2020,609.42055968,634.85419947
24dec2020,634.82458741,583.7145968900001
25dec2020,584.13564707,611.60718693
26dec2020,611.55459305,626.4107016299999
27dec2020,626.49803032,635.83583086
28dec2020,635.88715839,682.6423591
29dec2020,683.2058149,730.39736483
30dec2020,730.3586841699999,731.52011874
31dec2020,731.47284482,751.6189719400001
01jan2021,751.6266432899999,737.80339769
02jan2021,737.70837778,730.36756913
03jan2021,730.4026732900001,774.53496804
04jan2021,774.51186497,975.50767291
05jan2021,977.05881876,1040.23304833
06jan2021,1041.49883123,1100.00609944
07jan2021,1101.0049763,1207.11223389
08jan2021,1208.07832547,1225.67813488
09jan2021,1225.96789662,1224.19714489
10jan2021,1223.74045255,1281.07729102
11jan2021,1280.87104275,1262.24666381
12jan2021,1261.62296792,1090.14537315
13jan2021,1088.52668638,1043.43458391
14jan2021,1043.74096462,1130.73940242
15jan2021,1130.23114623,1218.45297846
16jan2021,1221.8771498,1171.83461074
17jan2021,1171.44306049,1233.53756838
18jan2021,1233.45335847,1230.17227237
19jan2021,1230.31328543,1257.27950247
20jan2021,1257.43454274,1377.29584154
21jan2021,1375.24846709,1382.27409433
22jan2021,1382.68441742,1121.57091957
23jan2021,1118.88906201,1236.51220729
24jan2021,1235.26789471,1230.99063605
25jan2021,1231.21059279,1391.60940757
26jan2021,1390.63987263,1324.414778
27jan2021,1323.7416513,1357.0581398
28jan2021,1358.33333163,1253.18713315
29jan2021,1251.27984357,1332.49224455
30jan2021,1369.08676789,1382.52281244
31jan2021,1382.23193922,1376.11553895
01feb2021,1376.82361688,1314.9862286
02feb2021,1314.85528255,1369.04046855
03feb2021,1369.50509478,1515.19376962
04feb2021,1514.76962317,1660.909542
05feb2021,1661.17021172,1594.76269414
06feb2021,1594.79333006,1718.65087218
07feb2021,1717.79754616,1677.84684697
08feb2021,1677.60566475,1614.22782334
09feb2021,1613.64226828,1746.61684904
10feb2021,1746.92613167,1768.03501655
11feb2021,1768.03974775,1744.24343196
12feb2021,1743.71418745,1783.79795026
13feb2021,1783.48917053,1843.53258814
14feb2021,1843.98675965,1814.10985253
15feb2021,1814.37231313,1805.08404652
16feb2021,1804.67678046,1779.79097807
17feb2021,1778.94560552,1781.06747722
18feb2021,1781.35009235,1848.4582725
19feb2021,1848.20628229,1937.44925643
20feb2021,1938.85988089,1960.16474353
21feb2021,1959.90297711,1919.5340028
22feb2021,1918.67314966,1935.60106022
23feb2021,1935.55785359,1781.99297558
24feb2021,1781.40901762,1570.20392529
25feb2021,1571.47649661,1626.57570543
26feb2021,1625.39388181,1475.70373513
27feb2021,1478.6532703,1446.0336503
28feb2021,1446.92945497,1459.97312093
01mar2021,1459.86043474,1416.0489059
02mar2021,1417.15114276,1564.70764686
03mar2021,1564.06342067,1492.60881427
04mar2021,1491.45120512,1575.85312451
05mar2021,1574.62376021,1541.91428551
06mar2021,1541.5417361,1533.27497556
07mar2021,1532.37280668,1654.74151694
08mar2021,1655.39239562,1723.15379607
09mar2021,1724.22924131,1834.72788609
10mar2021,1835.14802583,1868.04878133
11mar2021,1868.48899152,1799.16622355
12mar2021,1798.03393976,1826.19498661
13mar2021,1826.54671296,1772.10247833
14mar2021,1772.1663917,1924.68543997
15mar2021,1923.86374195,1854.56437805
16mar2021,1854.08666944,1791.70230241
17mar2021,1792.41376142,1806.9717631
18mar2021,1807.05620751,1823.44937973
19mar2021,1823.15839711,1782.85512445
20mar2021,1782.56866796,1817.62409241
21mar2021,1817.52273101,1812.63460132
22mar2021,1812.60653625,1788.21700883
23mar2021,1788.36217793,1691.33401831
24mar2021,1690.87186951,1678.65013849
25mar2021,1678.00253892,1593.4134567
26mar2021,1593.12326025,1595.359192
27mar2021,1595.21004599,1702.84201957
28mar2021,1703.03611007,1716.49461243
29mar2021,1716.40566126,1691.35596451
30mar2021,1691.26318866,1819.68496282
31mar2021,1819.46630935,1846.03369779
01apr2021,1846.09827436,1918.36206064
02apr2021,1919.15728391,1977.27688844
03apr2021,1976.93277834,2143.22563228
04apr2021,2142.89593729,2028.4224386
05apr2021,2027.67131232,2093.12285275
06apr2021,2093.26068664,2107.88709669
07apr2021,2109.49309109,2118.37895913
08apr2021,2117.72855052,1971.07725542
09apr2021,1969.13320855,2088.57365088
10apr2021,2088.77229912,2072.10887563
11apr2021,2071.11156011,2135.9422007
12apr2021,2136.15698332,2157.65703708
13apr2021,2157.36172782,2139.35319598
14apr2021,2139.36422943,2299.18778599
15apr2021,2299.34785556,2435.10501889
16apr2021,2436.03462095,2519.11610012
17apr2021,2516.60175792,2431.94650379
18apr2021,2429.98093154,2344.89498097
19apr2021,2346.45234828,2237.13702776
20apr2021,2238.03276921,2166.1887655
21apr2021,2161.93946062,2330.21093719
22apr2021,2331.16007175,2364.75182249
23apr2021,2357.87107086,2403.53524134
24apr2021,2401.25624597,2363.58620073
25apr2021,2367.19923887,2211.62580802
26apr2021,2214.41383675,2316.05965928
27apr2021,2319.47808865,2534.4817987
28apr2021,2534.0313091,2662.86524559
29apr2021,2664.68556452,2746.38005291
30apr2021,2748.64971121,2756.87699416
01may2021,2757.73411485,2773.20713193
02may2021,2772.83830288,2945.89270802
03may2021,2945.56009991,2952.05605494
04may2021,2951.17575409,3431.08613981
05may2021,3431.13167849,3253.62947001
06may2021,3240.5545932,3522.78318978
07may2021,3524.93091226,3490.88045894
08may2021,3490.10521331,3484.72889546
09may2021,3481.98813258,3902.64773368
10may2021,3911.46305659,3928.84470583
11may2021,3924.41325439,3952.29387234
12may2021,3948.27190857,4168.70104865
13may2021,4174.63587254,3785.84860304
14may2021,3828.91836092,3715.14846639
15may2021,3720.12221785,4079.05745857
16may2021,4075.95155569,3638.12204192
17may2021,3641.83069793,3587.50620646
18may2021,3581.34294042,3282.39779583
19may2021,3276.87233937,3380.0700925
20may2021,3382.65714987,2460.67920048
21may2021,2439.63869914,2784.29415835
22may2021,2772.34127594,2430.62138539
23may2021,2436.01456723,2295.70565666
24may2021,2298.3670668,2109.57985208
25may2021,2099.93591438,2643.5909947
26may2021,2649.03321812,2706.62898111
27may2021,2707.05274042,2888.69868104
28may2021,2888.75238778,2736.48858585
29may2021,2742.46898406,2419.90629016
30may2021,2414.06718246,2279.51417661
31may2021,2278.28870326,2390.305302
01jun2021,2387.19847424,2714.94534372
02jun2021,2707.56059635,2633.51841662
03jun2021,2634.45599562,2706.12497095
04jun2021,2708.37614098,2855.12653096
05jun2021,2857.16561644,2688.19499931
06jun2021,2691.61950569,2630.57680077
07jun2021,2629.74870279,2715.09266119
08jun2021,2713.04739387,2590.26330395
09jun2021,2594.60234984,2517.43862412
10jun2021,2510.19919208,2608.26698585
11jun2021,2611.14265155,2471.51867508
12jun2021,2472.85883593,2353.76868661
13jun2021,2354.75221787,2372.48445358
14jun2021,2372.69009569,2508.39163246
15jun2021,2508.77046164,2537.8911584
16jun2021,2587.76279174,2610.93672749
17jun2021,2544.86481635,2367.6634963
18jun2021,2367.3065181,2372.00202359
19jun2021,2374.58702943,2231.73314201
20jun2021,2235.15918242,2178.49913873
21jun2021,2171.33797181,2246.36453295
22jun2021,2245.31786886,1888.44749682
23jun2021,1886.66763512,1874.95002135
24jun2021,1878.62503409,1989.73627073
25jun2021,1968.95742293,1988.45627579
26jun2021,1989.21578936,1813.21723241
27jun2021,1810.88425347,1829.23921725
28jun2021,1830.99691808,1978.89466209
29jun2021,1981.38644305,2079.65743586
30jun2021,2083.44871649,2160.76835244
01jul2021,2164.21630987,2274.54771264
02jul2021,2274.39751758,2113.60552345
03jul2021,2109.89267696,2150.04036404
04jul2021,2150.83502542,2226.11428196
05jul2021,2226.55038208,2321.72411157
06jul2021,2321.92283563,2198.58246387
07jul2021,2197.91938531,2324.67944917
08jul2021,2323.20844884,2315.16197531
09jul2021,2317.94916462,2120.02634294
10jul2021,2115.57407151,2146.69232351
11jul2021,2146.99967254,2111.40345618
12jul2021,2110.87575727,2139.66474161
13jul2021,2140.5069214,2036.72101006
14jul2021,2034.09837415,1940.08396596
15jul2021,1941.16779403,1994.33133747
16jul2021,1994.71205332,1911.17561568
17jul2021,1916.59839927,1880.38298492
18jul2021,1876.8813907,1898.82521323
19jul2021,1900.19436355,1895.5521368
20jul2021,1893.05362407,1817.29665658
21jul2021,1819.08199934,1787.51071384
22jul2021,1786.2762751,1990.97088199
23jul2021,1994.82283397,2025.20278418
24jul2021,2025.10570592,2124.77667106
25jul2021,2123.96121342,2189.21874674
26jul2021,2187.14542242,2191.37373048
27jul2021,2191.30988759,2233.36662352
28jul2021,2230.1970236,2298.33346431
29jul2021,2302.0813122,2296.54549893
30jul2021,2299.01190053,2380.95675344
31jul2021,2382.54525385,2466.96151071
01aug2021,2461.57571887,2536.21003475
02aug2021,2530.46279155,2561.85215266
03aug2021,2557.77475474,2610.15342227
04aug2021,2609.41297501,2502.3495771
05aug2021,2508.54483385,2724.61989291
06aug2021,2725.66963172,2827.32894604
07aug2021,2827.50348587,2890.9417282
08aug2021,2891.70746867,3157.23877128
09aug2021,3161.23277909,3013.73275583
10aug2021,3012.88571067,3167.85622304
11aug2021,3163.0500306,3141.69117023
12aug2021,3142.83037024,3164.24504575
13aug2021,3164.17580762,3043.41434022
14aug2021,3049.00116338,3322.21175551
15aug2021,3322.76269594,3265.44335714
16aug2021,3266.27605214,3310.50417134
17aug2021,3309.42207261,3156.50942728
18aug2021,3149.38036774,3014.84603892
19aug2021,3011.96372132,3020.08992003
20aug2021,3019.12694353,3182.70222539
21aug2021,3182.1625608,3286.93532606
22aug2021,3286.93172388,3226.08393694
23aug2021,3226.22734293,3242.11555659
24aug2021,3241.3575434,3319.25727377
25aug2021,3324.85545576,3172.45639017
26aug2021,3174.26977231,3224.91517738
27aug2021,3228.74732659,3100.32543567
28aug2021,3096.40591463,3270.6008315
29aug2021,3275.10446885,3244.40326129
30aug2021,3246.7710669,3227.00277414
31aug2021,3227.19274806,3224.37414829
01sep2021,3227.75803268,3433.73278118
02sep2021,3430.76234307,3834.82800549
03sep2021,3825.02772431,3790.99008761
04sep2021,3787.48653447,3940.61473675
05sep2021,3937.91022551,3887.82849032
06sep2021,3886.330957,3952.13349685
07sep2021,3951.52081413,3928.3794378
08sep2021,3926.52752333,3426.39431843
09sep2021,3428.37807246,3497.3151233
10sep2021,3452.54838118,3427.34018594
11sep2021,3425.56499941,3211.50584011
12sep2021,3209.03051899,3270.27812481
13sep2021,3270.29179564,3410.13459276
14sep2021,3407.47198321,3285.511766263861
15sep2021,3286.316364453108,3429.169636597516
16sep2021,3431.217226314518,3615.282616378894
17sep2021,3613.073624128116,3571.294935005505
18sep2021,3569.568209523522,3398.538777821521
19sep2021,3397.422738509897,3432.018234624032
20sep2021,3433.287958841443,3329.447894898392
21sep2021,3329.670715229868,2958.993504728316
22sep2021,2977.310442881677,2764.431130864969
23sep2021,2763.209193081531,3077.867980527073
24sep2021,3077.974358079742,3155.523733861152
25sep2021,3154.562121276989,2931.669216719692
26sep2021,2930.884834523989,2925.565608690162
27sep2021,2926.343126251616,3062.265355803718
28sep2021,3065.837985073664,2934.138798298551
29sep2021,2928.963292860274,2807.296739771248
30sep2021,2809.297584234583,2853.143372915874
01oct2021,2852.558839864864,3001.679051738826
02oct2021,3001.129305823102,3307.516077895201
03oct2021,3308.870403352197,3391.694346949812
04oct2021,3390.767458943869,3418.358659617407
05oct2021,3418.776256222554,3380.089200379371
06oct2021,3381.784429609117,3518.518517366793
07oct2021,3516.570218981783,3580.562049118014
08oct2021,3576.814556933367,3587.974768107968
09oct2021,3587.832840487494,3563.759219315306
10oct2021,3559.997868866768,3575.7168601111
11oct2021,3575.020623747245,3425.852852810312
12oct2021,3419.72690431627,3545.354076250341
13oct2021,3546.477836677041,3492.573271793285
14oct2021,3492.753542060577,3606.20158023218
15oct2021,3604.95891452784,3786.014089927265
16oct2021,3790.154402608073,3862.634765441386
17oct2021,3865.666567677452,3830.382149137101
18oct2021,3829.858809861059,3847.104595476458
19oct2021,3847.730052178523,3748.760140639017
20oct2021,3747.162904650625,3877.650974521031
21oct2021,3877.731010929058,4155.992210901629
22oct2021,4161.713580745146,4054.322680585032
23oct2021,4055.686470636209,3970.181904126345
24oct2021,3971.356462061914,4171.663531678276
25oct2021,4171.856105918791,4087.903005026591
26oct2021,4084.42566573019,4217.876926221948
27oct2021,4217.33792555515,4131.102002775296
28oct2021,4132.173350300513,3930.257245047123
29oct2021,3924.815524026298,4287.318631928624
30oct2021,4288.686671292467,4414.746682249835
31oct2021,4414.24344770431,4325.650366005572
01nov2021,4322.744372641117,4288.074452472309
02nov2021,4288.217469657601,4324.626793776302
03nov2021,4322.501056358818,4584.798668356236
04nov2021,4589.684615942781,4607.193607027514
05nov2021,4604.678631583209,4537.324081282544
06nov2021,4537.423370497416,4486.243405210834
07nov2021,4482.647973381891,4521.581082805599
08nov2021,4523.982160670839,4620.554502947622
09nov2021,4619.649549375261,4812.0876135348
10nov2021,4810.071532536293,4735.06875501077
11nov2021,4733.362959837321,4636.174213813707
12nov2021,4635.453797325178,4730.384038503774
13nov2021,4724.306610078126,4667.115437208397
14nov2021,4666.719145108053,4651.460545017984
15nov2021,4648.632579269663,4626.359125987281
16nov2021,4627.091016546189,4557.503790450761
17nov2021,4570.478025024083,4216.365232950796
18nov2021,4213.910749020914,4287.593935491242
19nov2021,4287.802300702721,4000.650865138054
20nov2021,3995.729604667981,4298.306619546578
21nov2021,4298.350553082865,4409.930925059553
22nov2021,4412.195154606182,4269.733033786718
23nov2021,4266.509396048974,4088.457816555594
24nov2021,4089.680463594039,4340.763727469722
25nov2021,4340.035971606296,4239.981681945077
26nov2021,4271.394667909655,4274.743241181868
27nov2021,4522.209032955843,4030.909010759338
28nov2021,4042.999049272764,4096.912087999504
29nov2021,4101.648806774799,4294.453696226046
30nov2021,4296.946820336571,4445.105007840686
01dec2021,4447.767829594377,4631.478795336078
02dec2021,4623.67944420151,4586.990131490521
03dec2021,4586.332927751418,4511.302487650801
04dec2021,4514.355865987478,4220.7059283582
05dec2021,4227.761964504613,4119.587349955657
06dec2021,4119.628800728166,4198.32287254029
07dec2021,4199.000213266438,4358.737544663119
08dec2021,4358.587127600358,4315.061543208152
09dec2021,4311.674296472863,4439.357704032381
10dec2021,4433.025049219936,4119.81579811935
11dec2021,4113.588536595352,3908.496188500852
12dec2021,3909.667775319173,4084.452328572133
13dec2021,4084.81133172661,4134.45333147928
14dec2021,4136.359742372724,3784.226787869269
15dec2021,3782.822867009497,3745.440399874296
16dec2021,3862.251412890073,4018.388602869822
17dec2021,4020.414921898121,3962.46963859269
18dec2021,3959.012513318395,3879.486676573473
19dec2021,3880.291489285722,3960.86001596082
20dec2021,3960.872347086536,3922.592644365899
21dec2021,3923.695750107671,3933.84453173092
22dec2021,3938.463847661892,4020.26003953055
23dec2021,4018.69590824122,3982.09953065242
24dec2021,3981.961587154014,4108.015512459437
25dec2021,4111.344979246337,4047.982888819954
26dec2021,4049.781946746478,4093.280911135583
27dec2021,4094.151678350557,4067.328096647009
28dec2021,4064.746410679835,4037.547692242496
29dec2021,4037.538042931196,3800.893085340275
30dec2021,3797.436290958773,3628.531670825014
31dec2021,3632.219817177908,3713.852162569856
01jan2022,3713.430093065163,3682.632905443364
02jan2022,3683.047155938589,3769.696916008926
03jan2022,3769.298437323356,3829.565044536988
04jan2022,3829.535741146812,3761.38027406979
05jan2022,3761.361569175725,3794.056678678374
06jan2022,3794.26914462841,3550.38688153966
07jan2022,3549.709104106082,3418.408247141871
08jan2022,3417.837874935345,3193.210483285389
09jan2022,3193.502546226327,3091.972583867502
10jan2022,3091.69637194102,3157.751484557352
11jan2022,3157.570466972131,3083.097949051076
12jan2022,3082.99096154756,3238.111649361378
13jan2022,3238.449992487444,3372.258325848682
14jan2022,3372.104952721625,3248.288475801991
15jan2022,3248.648801333647,3310.001422704657
16jan2022,3309.844210328331,3330.53084555918
17jan2022,3330.387094680505,3350.921968981888
18jan2022,3350.947177477628,3212.304897082855
19jan2022,3212.287601923892,3164.025253529788
20jan2022,3163.850271306998,3095.825838168636
21jan2022,3095.271612386269,3001.120038396893
22jan2022,3002.956891275347,2557.931623219907
23jan2022,2561.145322027309,2405.181065401006
24jan2022,2406.924415703185,2535.039051060624
25jan2022,2535.891002185269,2440.35232593751
26jan2022,2440.393460494961,2455.934962098484
27jan2022,2455.57907188928,2468.030277812709
28jan2022,2467.188459547473,2423.001263417166
29jan2022,2421.646910296478,2547.091977643919
30jan2022,2546.590514494874,2597.084692389508
31jan2022,2598.564990295156,2603.46658205693
01feb2022,2603.263396351181,2688.278921799287
02feb2022,2687.89895169732,2792.117244376192
03feb2022,2791.958877885991,2682.853983012265
04feb2022,2682.226040051828,2679.162508002725
05feb2022,2681.057587755385,2983.586995224568
06feb2022,2984.44600116913,3014.648309726498
07feb2022,3014.959756059878,3057.476124359591
08feb2022,3057.421998377045,3142.470614814785
09feb2022,3143.008464784396,3122.608568569111
10feb2022,3121.182543025284,3239.457114710615
11feb2022,3240.113144252552,3077.48223904957
12feb2022,3077.413063393154,2927.383632819214
13feb2022,2927.386411050631,2917.362681660838
14feb2022,2916.789470158515,2883.463487865691
15feb2022,2880.187675544802,2933.479035506956
16feb2022,2933.729103056555,3179.877075974727
17feb2022,3180.446804102382,3127.830116565106
18feb2022,3126.858499852447,2881.482038163289
19feb2022,2884.340648342292,2785.727490966771
20feb2022,2784.872899261173,2763.701213990071
21feb2022,2763.756658366363,2628.648542862557
22feb2022,2627.665450650613,2573.816225934858
23feb2022,2572.898566932548,2639.299263246235
24feb2022,2639.447010232523,2590.359620865683
25feb2022,2588.166182727787,2598.067160106427
26feb2022,2598.436290827886,2764.535656115659
27feb2022,2764.989506707563,2781.111903929611
28feb2022,2780.504381743068,2621.801793984436
01mar2022,2621.172149798005,2919.20122865545
02mar2022,2919.775877952208,2972.485066248353
03mar2022,2972.471971041683,2950.118500639465
04mar2022,2950.156661786821,2834.469105170321
05mar2022,2834.987403079134,2617.156027878714
06mar2022,2618.473533124115,2664.831174443279
07mar2022,2664.943597268984,2555.037440648214
08mar2022,2555.297578232919,2497.771320399663
09mar2022,2497.721431142973,2576.747611708083
10mar2022,2577.165363069189,2729.783504162515
11mar2022,2729.11655070576,2608.048497584981
12mar2022,2608.271174522674,2559.563044284457
13mar2022,2559.660726166692,2574.754205165515
14mar2022,2573.487982305509,2518.944631169332
15mar2022,2518.486310962477,2590.696050918737
16mar2022,2590.668933852167,2620.149624725306
17mar2022,2620.028485065711,2772.055618327212
18mar2022,2771.964019150107,2814.854434207781
19mar2022,2814.434669620251,2945.343025239628
20mar2022,2944.721743681543,2946.25713904335
21mar2022,2946.547654841145,2860.459129971533
22mar2022,2860.103182092205,2897.976680440712
23mar2022,2897.774097884309,2973.131130930383
24mar2022,2973.145050284239,3031.067024689549
25mar2022,3031.060825981664,3108.061909624908
26mar2022,3108.449036184413,3106.671279528012
27mar2022,3106.405395018773,3143.179065744871
28mar2022,3143.795603403364,3291.577585952461
29mar2022,3292.322394119644,3336.634572264026
30mar2022,3335.021154460666,3401.98773803848
31mar2022,3401.526217219659,3385.157897136473
01apr2022,3385.289358983909,3281.642878156622
02apr2022,3282.576167589997,3449.552130296657
03apr2022,3449.788662385933,3445.059370959218
04apr2022,3444.810662931048,3522.833400496083
05apr2022,3522.364930871587,3521.241136658852
06apr2022,3521.23978306653,3411.792508884984
07apr2022,3411.672097476066,3171.692009672459
08apr2022,3172.197361450387,3233.274707158264
09apr2022,3233.272402353245,3192.074043683426
10apr2022,3191.976016209408,3261.91617086529
11apr2022,3261.291416623483,3211.866883688111
12apr2022,3209.576992525944,2981.05231442881
13apr2022,2981.420693527486,3030.376455996646
14apr2022,3029.877916167813,3118.344281717038
15apr2022,3117.82174546278,3019.909509815571
16apr2022,3020.134530768363,3040.916564400404
17apr2022,3041.123198912779,3062.310381205821
18apr2022,3061.881927633316,2993.403282255771
19apr2022,2993.483808884494,3057.606716236349
20apr2022,3057.570260743804,3104.106520919209
21apr2022,3103.934976357632,3077.745833383068
22apr2022,3077.829369880923,2987.480691194362
23apr2022,2986.938726813816,2964.835612623172
24apr2022,2964.802310414419,2938.113993439929
25apr2022,2937.347167152432,2922.732643195906
26apr2022,2922.99018733504,3009.393545650332
27apr2022,3008.946342750078,2808.298331858696
28apr2022,2808.64608851381,2888.929764995001
29apr2022,2888.84978903823,2936.941016149063
30apr2022,2936.776538760148,2815.60189736237
01may2022,2815.53341994947,2730.186821983152
02may2022,2729.994198702286,2827.75614426379
03may2022,2827.61399644621,2857.410518486618
04may2022,2857.15229774575,2783.476208663237
05may2022,2783.131209821785,2940.644826652642
06may2022,2940.226646817108,2749.213042207694
07may2022,2748.931576804914,2694.979684056436
08may2022,2694.99184556283,2636.092957964717
09may2022,2636.121782691565,2517.459986267292
10may2022,2518.508380528894,2245.430531634567
11may2022,2242.650344690437,2343.510888492865
12may2022,2342.754251969152,2072.108679307285
13may2022,2072.504578419614,1961.701582831061
14may2022,1960.122547026442,2014.418233908488
15may2022,2014.280665743147,2056.273914657406
16may2022,2056.183221710476,2145.706665703514
17may2022,2145.836806773105,2022.725934043787
18may2022,2022.882353773863,2090.409245952252
19may2022,2090.459885553642,1916.656106174287
20may2022,1916.149513850914,2018.336170656368
21may2022,2018.000129870723,1961.315649971718
22may2022,1961.01799635287,1974.5183665274
23may2022,1974.670603919785,2043.170125560021
24may2022,2042.344786179666,1972.181888975674
25may2022,1972.390870735356,1978.982754262968
26may2022,1978.677041760785,1944.827844921227
27may2022,1945.033359536731,1803.913292389977
28may2022,1802.543865276056,1724.922864113526
29may2022,1762.482159824541,1792.416155938061
30may2022,1792.184445129039,1812.030958911497
31may2022,1811.886042110183,1996.44128446348
01jun2022,1996.408053885147,1942.327998255794
02jun2022,1942.050617724841,1823.569357429545
03jun2022,1822.412115550511,1834.150570035468
04jun2022,1834.135020855056,1775.078619524448
05jun2022,1775.220824789033,1801.60944596007
06jun2022,1801.819008317556,1805.204988895161
07jun2022,1805.636018234287,1859.289666477874
08jun2022,1859.333755990409,1814.048301901215
09jun2022,1814.100653746557,1793.572310553179
10jun2022,1793.512806862918,1789.826044940263
11jun2022,1789.689939573479,1665.04224632946
12jun2022,1665.21793701738,1529.663456007161
13jun2022,1530.189695214479,1445.21659429778
14jun2022,1443.835473706298,1204.582809236068
15jun2022,1204.555344231827,1211.662894639599
16jun2022,1211.365962092054,1233.206442773384
17jun2022,1233.603466091678,1067.730721312775
18jun2022,1067.987717549673,1086.519304979397
19jun2022,1086.377959943015,993.6368047205408
20jun2022,993.4006602935043,1127.656466799615
21jun2022,1127.656268070476,1127.642396551376
22jun2022,1127.511891772376,1124.82459228731
23jun2022,1125.372902209857,1051.421902776168
24jun2022,1051.329284975512,1143.386685511401
25jun2022,1143.204659096871,1226.844750277118
26jun2022,1226.724679959827,1243.446923131926
27jun2022,1242.987567331181,1199.831633489503
28jun2022,1199.713077131478,1193.680712662002
29jun2022,1193.253970589182,1144.579274306206
30jun2022,1144.524364363023,1098.943884442061
01jul2022,1099.353092043468,1067.298799923761
02jul2022,1068.316818000208,1059.767382179891
03jul2022,1060.121219411908,1066.51276770095
04jul2022,1066.467442423448,1073.766987510758
05jul2022,1073.794267636099,1151.059076186131
06jul2022,1150.509823405239,1134.540972081821
07jul2022,1134.822293484471,1186.973982139332
08jul2022,1186.960898675401,1237.593430365067
09jul2022,1237.580368403413,1222.506193505258
10jul2022,1222.306843851988,1216.978283609732
11jul2022,1216.904363106791,1168.401611071528
12jul2022,1168.139029396822,1097.236514534816
13jul2022,1097.259208432675,1038.191695396064
14jul2022,1038.186584567932,1113.587153139754
15jul2022,1113.515759432295,1191.526214058528
16jul2022,1191.674781038796,1233.129114296047
17jul2022,1232.791653788054,1352.626475269534
18jul2022,1353.205053218488,1338.635702873851
19jul2022,1338.8060134638,1578.717894862322
20jul2022,1578.383895931086,1542.975273526692
21jul2022,1542.954340628413,1520.200717613263
22jul2022,1520.374465533545,1576.749560620864
23jul2022,1576.745381560813,1537.405121063825
24jul2022,1536.457393826574,1549.297530121106
25jul2022,1549.222565578807,1599.476648944395
26jul2022,1599.157277022063,1445.383422217881
27jul2022,1445.151104933737,1441.806793093315
28jul2022,1443.726818661239,1636.2327104034
29jul2022,1636.231991326151,1725.468188706879
30jul2022,1725.62391554395,1727.40692956785
31jul2022,1727.061942056886,1695.969499599044
01aug2022,1695.88477430253,1681.517319296796
02aug2022,1681.445562726711,1635.195792122626
03aug2022,1634.645845292566,1632.945438988294
04aug2022,1633.051316589137,1618.874542862225
05aug2022,1618.886721258592,1608.205822887468
06aug2022,1607.523934837689,1732.254583630556
07aug2022,1732.66109064283,1691.658087449567
08aug2022,1691.777950902689,1699.350770887032
09aug2022,1699.693431575998,1775.516112413541
10aug2022,1776.071349747019,1703.025030116907
11aug2022,1702.906448291437,1851.742702991874
12aug2022,1851.82835513071,1881.224147351484
13aug2022,1880.899191372579,1957.246400086459
14aug2022,1957.334042293066,1981.336560189707
15aug2022,1981.782412481508,1936.802045158764
16aug2022,1936.760487788961,1904.228156763932
17aug2022,1902.833139286399,1878.139376534841
18aug2022,1877.934298216481,1832.999638374081
19aug2022,1833.715529743449,1847.007834787841
20aug2022,1847.095309959542,1612.987343309725
21aug2022,1612.650604689569,1577.003742210939
22aug2022,1576.543623234666,1619.318914671198
23aug2022,1619.166813109356,1622.505817090004
24aug2022,1622.939349809247,1662.769898472833
25aug2022,1662.695378856491,1657.059163151536
26aug2022,1657.336514396027,1696.457058130687
27aug2022,1696.324622723305,1507.782862671856
28aug2022,1508.157021566463,1491.395036607427
29aug2022,1491.206833617279,1430.54733630951
30aug2022,1430.439492391719,1553.037324348551
31aug2022,1553.188924850538,1523.838862186241
01sep2022,1524.286467328013,1553.684937615123
02sep2022,1553.756391159599,1586.176800309857
03sep2022,1586.017902180751,1577.220513399491
04sep2022,1577.213728790085,1556.872628837883
05sep2022,1556.895907658542,1577.641625349162
06sep2022,1577.884018083099,1617.183172577657
07sep2022,1617.240234875064,1561.748569581777
08sep2022,1560.906772624239,1629.906374958486
09sep2022,1629.805139567552,1635.347657005621
10sep2022,1635.187757777287,1719.085451064581
11sep2022,1718.961315135571,1776.203754043549
12sep2022,1775.976039566321,1761.800027393393
13sep2022,1762.084874213465,1713.765202666187
14sep2022,1713.962556385664,1580.787953427119
15sep2022,1574.858144675447,1634.755043198841
16sep2022,1635.083029198406,1471.693431640412
17sep2022,1471.928365254796,1432.447730201051
18sep2022,1432.876506411867,1469.741642153501
19sep2022,1469.705451296816,1335.329131041547
20sep2022,1335.270728524472,1377.541327819317
21sep2022,1377.61896236339,1324.388240956311
22sep2022,1324.215594236637,1252.607841264246
23sep2022,1251.567391048975,1327.680127990488
24sep2022,1327.481169976172,1328.25955473775
25sep2022,1328.24467283583,1317.993237918399
26sep2022,1317.938519911025,1294.216774131432
27sep2022,1294.386153951727,1335.320243608534
28sep2022,1335.337029598298,1330.127702230936
29sep2022,1329.541343531578,1337.410866656325
30sep2022,1337.554453085633,1335.652361153411
01oct2022,1335.646470773138,1327.978637500759
02oct2022,1328.193720652758,1311.644430543944
03oct2022,1311.753422749603,1276.093558321422
04oct2022,1276.163411650395,1323.439269703857
05oct2022,1323.278296378942,1362.126586857965
06oct2022,1361.972871898822,1352.837140457103
07oct2022,1352.806630633306,1351.709527133083
08oct2022,1351.836446640099,1332.516981984112
09oct2022,1332.371337557157,1315.500490984085
10oct2022,1315.460183652505,1322.604300222657
11oct2022,1322.618670369652,1291.337625406867
12oct2022,1291.109671564446,1279.575698409113
13oct2022,1279.732307733159,1294.906320521348
14oct2022,1294.91738374416,1288.123894678374
15oct2022,1288.048713049968,1297.42208184119
16oct2022,1297.305934298781,1274.87164807999
17oct2022,1275.005541816754,1306.296621688589
18oct2022,1306.309604668048,1331.713608269998
19oct2022,1331.669920962133,1310.447036652064
20oct2022,1310.563124727746,1285.744207037478
21oct2022,1285.660297707213,1283.200922651724
22oct2022,1283.188065909118,1299.94644238682
23oct2022,1299.902334592188,1314.299227063113
24oct2022,1314.249452473978,1363.447057856445
25oct2022,1363.491806652534,1344.998488552015
26oct2022,1344.711344850404,1461.665423727449
27oct2022,1461.133194254422,1566.566631173031
28oct2022,1566.841382393162,1514.374856905131
29oct2022,1514.323161018284,1555.477877089849
30oct2022,1555.274668615978,1619.698458798661
31oct2022,1619.697894352127,1590.783325382964